{"cameraMode":{"drawMode":0,"name":"Shaded","section":"Shading Mode"},"sceneLighting":true,"audioPlay":false,"sceneViewState":{"m_AlwaysRefresh":false,"showFog":true,"showSkybox":false,"showFlares":true,"showImageEffects":true,"showParticleSystems":true,"showVisualEffectGraphs":true,"m_FxEnabled":true},"in2DMode":false,"pivot":{"x":-0.13685914874076844,"y":0.4897071123123169,"z":0.05681133270263672},"rotation":{"x":-0.0789976492524147,"y":-0.8800796270370483,"z":0.15770281851291657,"w":-0.4408607482910156},"size":0.46444252133369448,"orthographic":false}